"id","balancete","codigo","name","description","created_at","updated_at","deleted_at","danger_level"
"1","7","30.07.1338","AÇÚCAR, TIPO CRISTAL, CARACTERÍSTICAS ADICIONAIS SACAROSE DE CANA-DE-AÇUCAR",,"0000-00-00 00:00:00","0000-00-00 00:00:00","0000-00-00 00:00:00","0"
"2","16","30.16.1065","ESTOJO PARA DVD, EM PVC 19 X 13,5 X 1,3CM - TRANSPARENTE.",,"0000-00-00 00:00:00","0000-00-00 00:00:00","0000-00-00 00:00:00","0"
"3","16","30.16.1069","PRANCHETA 1/2 OFÍCIO CRISTAL C/ PRENDEDOR PLÁSTICO.",,"0000-00-00 00:00:00","0000-00-00 00:00:00","0000-00-00 00:00:00","0"
"4","16","30.16.1075","PAPEL CARTOLINA, MATERIAL CELULOSE VEGETAL, GRAMATURA 180 G/M2, COR AMARELA, 660x500MM",,"0000-00-00 00:00:00","0000-00-00 00:00:00","0000-00-00 00:00:00","0"
"5","16","30.16.1076","PAPEL CARTOLINA, MATERIAL CELULOSE VEGETAL, GRAMATURA 180 G/M2, COR AZUL, 660X500MM",,"0000-00-00 00:00:00","0000-00-00 00:00:00","0000-00-00 00:00:00","0"
"6","16","30.16.1077","PAPEL CARTOLINA, MATERIAL CELULOSE VEGETAL, GRAMATURA 180 G/M2, COR ROSA, 660X500MM",,"0000-00-00 00:00:00","0000-00-00 00:00:00","0000-00-00 00:00:00","0"
"7","16","30.16.1179","PINCEL ATÔMICO/PERMANENTE, MATERIAL PLÁSTICO, TIPO PONTA CHANFRADA, TIPO CARGA DESCARTÁVEL, COR PRETA.",,"0000-00-00 00:00:00","0000-00-00 00:00:00","0000-00-00 00:00:00","0"
"8","16","30.16.1180","PINCEL ATÔMICO, MATERIAL PLÁSTICO, TIPO PONTA CHANFRADA, TIPO CARGA DESCARTÁVEL, COR TINTA VERMELHA",,"0000-00-00 00:00:00","0000-00-00 00:00:00","0000-00-00 00:00:00","0"
"9","16","30.16.1353","ESTILETE, TIPO LARGO, 20MM, CORPO PLÁSTICO, COMP 11CM, GRADUAL TRAVA DE SEGURANÇA.",,"0000-00-00 00:00:00","0000-00-00 00:00:00","0000-00-00 00:00:00","0"
"10","16","30.16.1355","SACO DOCUMENTO, PLÁSTICO TRANSPARENTE, 10 FL, 356MM X 216MM, 4 FUROS.",,"0000-00-00 00:00:00","0000-00-00 00:00:00","0000-00-00 00:00:00","0"
"11","16","30.16.1370","ETIQUETA AUTO-ADESIVA, MATERIAL PAPEL ALCALINO, COR BRANCA, FORMATO RETANGULAR, ALTURA 70 MM, LARGURA 31 MM, TIPO USO IMPRESSORA JET/LASER/COPIADORAS TAMANHO A4",,"0000-00-00 00:00:00","0000-00-00 00:00:00","0000-00-00 00:00:00","0"
"12","16","30.16.1371","APAGADOR QUADRO MAGNÉTICO, MATERIAL CORPO PLÁSTICO, COMPRIMENTO 15 CM , LARGURA 6 CM. ALTURA 4 CM, MATERIAL BASE FILTRO, ENCAIXE PINCEL",,"0000-00-00 00:00:00","0000-00-00 00:00:00","0000-00-00 00:00:00","0"
"13","16","30.16.1373","CLIPE, TAMANHO 2/0, MATERIAL METAL, FORMATO PARALELO. CAIXA 100 UN",,"0000-00-00 00:00:00","0000-00-00 00:00:00","0000-00-00 00:00:00","0"
"14","16","30.16.1375","COLCHETE FIXAÇÃO, MATERIAL AÇO, TRATAMENTO SUPERFICIAL LATONADO, TAMANHO Nº 12. CAIXA 72 UN",,"0000-00-00 00:00:00","0000-00-00 00:00:00","0000-00-00 00:00:00","0"
"15","16","30.16.1376","EXTRATOR GRAMPO, MATERIAL AÇO INOXIDÁVEL, TIPO ESPÁTULA, RATAMENTO SUPERFICIAL CROMADO, CARACTERÍSTICAS ADICIONAIS DIMENSÕES 150 X 20 MM",,"0000-00-00 00:00:00","0000-00-00 00:00:00","0000-00-00 00:00:00","0"
"16","16","30.16.1377","GRAMPEADOR, TRATAMENTO SUPERFICIAL PINTADO, MATERIAL METAL, TIPO PROFISSIONAL DE GRANDE PORTE, APLICAÇÃO FOLHAS, TAMANHO GRAMPO 23/6, 23/8, 23/10, E 23/13, COR PRETA, CARACT. ADICIONAIS DE MESA/PROFUNDIDADE GRAMPEADO AJUSTÁVEL ATÉ 69 MM",,"0000-00-00 00:00:00","0000-00-00 00:00:00","0000-00-00 00:00:00","0"
"17","16","30.16.1379","GRAMPO GRAMPEADOR, MATERIAL METAL, TRATAMENTO SUPERFICIAL NIQUELADO",,"0000-00-00 00:00:00","0000-00-00 00:00:00","0000-00-00 00:00:00","0"
"18","16","30.16.138","REFORÇO AUTO ADESIVO (REFORÇO PLÁSTICO), INCOLOR, 15MM, APLICAÇÃO PAPEL PERFURADO, MATERIAL PLASTICO INCOLOR (CAIXA COM 200 UNIDADES)",,"0000-00-00 00:00:00","0000-00-00 00:00:00","0000-00-00 00:00:00","0"
"19","16","30.16.1382","PINCEL QUADRO BRANCO / MAGNÉTICO, MATERIAL PLÁSTICO, PONTA FELTRO, TIPO CARGA RECARREGÁVEL, COR AZUL",,"0000-00-00 00:00:00","0000-00-00 00:00:00","0000-00-00 00:00:00","0"
"20","16","30.16.1383","PINCEL QUADRO BRANCO / MAGNÉTICO, MATERIAL PLÁSTICO, MATERIAL PONTA FELTRO, TIPO RECARREGÁVEL, COR PRETO",,"0000-00-00 00:00:00","0000-00-00 00:00:00","0000-00-00 00:00:00","0"
"21","16","30.16.1384","PINCEL QUADRO BRANCO / MAGNÉTICO, MATERIAL PLÁSTICO, PONTA FELTRO, TIPO RECARREGÁVEL, COR VERMELHO",,"0000-00-00 00:00:00","0000-00-00 00:00:00","0000-00-00 00:00:00","0"
"22","16","30.16.1385","REFIL TINTA, MATERIAL TINTA, COR PRETA, CAPACIDADE 5,50 ML, APLICAÇÃO PINCEL QUADRO BRANCO",,"0000-00-00 00:00:00","0000-00-00 00:00:00","0000-00-00 00:00:00","0"
"23","16","30.16.1386","REFIL TINTA, MATERIAL TINTA, COR AZUL, CAPACIDADE 5,50 ML, APLICAÇÃO PINCEL QUADRO BRANCO",,"0000-00-00 00:00:00","0000-00-00 00:00:00","0000-00-00 00:00:00","0"
"24","16","30.16.1387","REFIL TINTA, MATERIAL TINTA, COR VERMELHO, CAPACIDADE 5,50 ML, APLICAÇÃO PINCEL QUADRO BRANCO",,"0000-00-00 00:00:00","0000-00-00 00:00:00","0000-00-00 00:00:00","0"
"25","16","30.16.1388","GRAMPEADOR, MATERIAL METAL, TIPO PROFISSIONAL, CAPACID. 240/260 FL, TAMANHO GRAMPO 23/6 A 23/24, CARACT. ADICIONAIS BASE PROTETORA ANTIDERRAPANTE/GUIA AJUSTÁVEL",,"0000-00-00 00:00:00","0000-00-00 00:00:00","0000-00-00 00:00:00","0"
"26","16","30.16.1389","GRAMPO GRAMPEADOR, MATERIAL METAL, TRATAMENTO SUPERFICIAL NIQUELADO, TAMANHO 23/8",,"0000-00-00 00:00:00","0000-00-00 00:00:00","0000-00-00 00:00:00","0"
"27","16","30.16.1397","LIVRO ATA, MATERIAL PAPEL SULFITE, 100 FOLHAS (GRAMATURA 75 G/M² E TAMANHO A4), CAPA DURA, COSTURADO, FOLHAS PAUTADAS E NUMERADAS.",,"0000-00-00 00:00:00","0000-00-00 00:00:00","0000-00-00 00:00:00","0"
"28","16","30.16.1398","LIVRO PROTOCOLO, MATERIAL PAPEL OFF-SET, 100 FLS, 230X170MM, CAPA DURA, COSTURADO, FOLHAS PAUTADAS E NUMERADAS, MATERIAL CAPA PAPELÃO, GRAMATURA FOLHAS 54 G/M².",,"0000-00-00 00:00:00","0000-00-00 00:00:00","0000-00-00 00:00:00","0"
"29","16","30.16.1399","LIVRO REGISTRO DE CERTIFICADO, 200 FL, LEGISLAÇÃO VIGENTE, TERMO DE ABERTURA E ENCERRAMENTO P/ REGISTRO JUNTO AOS ÓRGÃOS COMPETENTES, FORMATO VERTICAL 22 X 32 CM, NUMERADO DE 01 A 400, PAPEL BRANCO, 63g, IMPRESSÃO OFFSET, CAPA PRETA CARTONADA 240g.",,"0000-00-00 00:00:00","0000-00-00 00:00:00","0000-00-00 00:00:00","0"
"30","16","30.16.1403","COLA, COMPOSIÇÃO POLIVINIL ACETATO- PVA, COR BRANCA, APLICAÇÃO PAPEL, TIPO PASTOSA, BISNAGA DE 90g",,"0000-00-00 00:00:00","0000-00-00 00:00:00","0000-00-00 00:00:00","0"
"31","16","30.16.1405","TESOURA, MATERIAL AÇO INOX, COMPRIMENTO 11CM, CABO PLÁSTICO, SEM PONTA.",,"0000-00-00 00:00:00","0000-00-00 00:00:00","0000-00-00 00:00:00","0"
"32","16","30.16.1409","PINCEL DESENHO, MATERIAL CABO MADEIRA, TIPO PONTA CHATO, MATERIAL CERDA PELO ANIMAL, TAMANHO 10",,"0000-00-00 00:00:00","0000-00-00 00:00:00","0000-00-00 00:00:00","0"
"33","16","30.16.1417","FITA ADESIVA, MATERIAL POLIPROPILENO, TIPO MONOFACE, LARGURA 12 MM, COMPRIMENTO 10 M, COR AZUL, APLICAÇÃO MULTIUSO",,"0000-00-00 00:00:00","0000-00-00 00:00:00","0000-00-00 00:00:00","0"
"34","16","30.16.1418","FITA ADESIVA, MATERIAL POLIPROFILENO, TIPO MONOFACE, LARGURA 12 MM, COMPRIMENTO 10 M, COR VERMELHA, APLICAÇÃO MULTIUSO",,"0000-00-00 00:00:00","0000-00-00 00:00:00","0000-00-00 00:00:00","0"
"35","16","30.16.1419","FITA ADESIVA, MATERIAL POLIPROFILENO,, TIPO MONOFACE, LARGURA 12 MM, COMPRIMENTO 10 M, COR AMARELA, APLICAÇÃO MULTIUSO",,"0000-00-00 00:00:00","0000-00-00 00:00:00","0000-00-00 00:00:00","0"
"36","16","30.16.1420","FITA ADESIVA, MATERIAL POLIPROFILENO, TIPO MONOFACE, LARGURA 12 MM, COMPRIMENTO 10 M, COR VERDE, APLICAÇÃO MULTIUSO",,"0000-00-00 00:00:00","0000-00-00 00:00:00","0000-00-00 00:00:00","0"
"37","16","30.16.1421","APONTADOR LÁPIS, MATERIAL METAL E PLÁSTICO, TIPO ESCOLAR, COM DEPÓSITO.",,"0000-00-00 00:00:00","0000-00-00 00:00:00","0000-00-00 00:00:00","0"
"38","16","30.16.1422","BLOCO RECADO, MATERIAL PAPEL RECICLADO,AUTO-ADESIVO, COR NATURAL, 76X102 MM, 100 FOLHAS",,"0000-00-00 00:00:00","0000-00-00 00:00:00","0000-00-00 00:00:00","0"
"39","16","30.16.1423","BORRACHA APAGADORA ESCRITA, 56X33X11MM, COR BRANCA, C/ CAPA PLÁSTICA PROTETORA",,"0000-00-00 00:00:00","0000-00-00 00:00:00","0000-00-00 00:00:00","0"
"40","16","30.16.1424","CANETA ESFEROGRÁFICA, MATERIAL PLÁSTICO, TINTA PRETA, MATERIAL PONTA LATÃO COM ESFERA TUNGSTÊNIO, TIPO ESCRITA MÉDIA, TRANSPARENTE E COM ORIFÍCIO LATERAL",,"0000-00-00 00:00:00","0000-00-00 00:00:00","0000-00-00 00:00:00","0"
"41","16","30.16.1425","CANETA ESFEROGRÁFICA, MATERIAL PLÁSTICO, TINTA VERMELHA, MATERIAL PNTA LATÃO COM ESFERA DE TUNGSTÊNIO, TIPO ESCRITA MÉDIA, TRANSPARENTE E COM ORIFÍCIO LATERAL",,"0000-00-00 00:00:00","0000-00-00 00:00:00","0000-00-00 00:00:00","0"
"42","16","30.16.1426","CANETA ESFEROGRÁFICA, MATERIAL PLÁSTICO, TINTA AZUL, MATERIAL PONTA LATÃO COM ESFERA DE TUNGSTÊNIO, TIPO ESCRITA MÉDIA, TRANSPARENTE E COM ORIFÍCIO LATERAL",,"0000-00-00 00:00:00","0000-00-00 00:00:00","0000-00-00 00:00:00","0"
"43","16","30.16.1427","CANETA MARCA-TEXTO, MATERIAL PLÁSTICO, TIPO PONTA FLUORESCENTE, COR AMARELA, TRAÇO 5MM",,"0000-00-00 00:00:00","0000-00-00 00:00:00","0000-00-00 00:00:00","0"
"44","16","30.16.1429","ENVELOPE, MATERIAL PAPEL OFF-SET FL, GRAMATURA 90 G/M2, TIPO SACO COMUM, COMPRIMENTO 229 MM,C OR BRANCA, SEM IMPRESSÃO, LARGURA 114 MM, MODELO OFICIO",,"0000-00-00 00:00:00","0000-00-00 00:00:00","0000-00-00 00:00:00","0"
"45","16","30.16.1430","ENVELOPE, MATERIAL PAPEL APERGAMINHADO, GRAMATURA 90 G/M2, TIPO OFICIO, COMPRIMENTO 229 MM, COR BRANCA, LARGURA 114 MM, APLICAÇÃO CORRESPONDÊNCIA, CARACT. ADICIONAIS 1 TIMBRADO, CONFORME MODELO",,"0000-00-00 00:00:00","0000-00-00 00:00:00","0000-00-00 00:00:00","0"
"46","16","30.16.1434","LÁPIS PRETO, CORPO MADEIRA, DIÂMETRO CARGA 2MM, DUREZA CARGA 2 B, SEM BORRACHA APAGADORA, MATERIAL CARGA GRAFITE.",,"0000-00-00 00:00:00","0000-00-00 00:00:00","0000-00-00 00:00:00","0"
"47","16","30.16.1435","LAPISEIRA,MATERIAL PLÁSTICO,DIÂMETRO CARGA 0,5MM,CARACTERÍSTICAS ADICIONAIS C/PRENDEDOR, PONTA E ACIONADOR DE METAL C/BORRACHA",,"0000-00-00 00:00:00","0000-00-00 00:00:00","0000-00-00 00:00:00","0"
"48","16","30.16.1436","LAPISEIRA, MATERIAL PLÁSTICO, DIÂMETRO CARGA 0,7MM, CARACTERÍSTICAS ADICIONAIS COM PREENDEDOR, PONTA E ACIONADOR DE METAL COM BORRACHA",,"0000-00-00 00:00:00","0000-00-00 00:00:00","0000-00-00 00:00:00","0"
"49","16","30.16.1437","MINA GRAFITE, DIÂMETRO 0,50 MM, COMPRIMENTO 60 MM, DUREZA HB",,"0000-00-00 00:00:00","0000-00-00 00:00:00","0000-00-00 00:00:00","0"
"50","16","30.16.1438","MINA GRAFITE, DIÂMETRO 0,70 MM, COMPRIMENTO 60MM, DUREZA HB",,"0000-00-00 00:00:00","0000-00-00 00:00:00","0000-00-00 00:00:00","0"
"51","16","30.16.1439","MINA GRAFITE, DIÂMETRO 0,90 MM, COMPRIMENTO 60 MM, DUREZA HB",,"0000-00-00 00:00:00","0000-00-00 00:00:00","0000-00-00 00:00:00","0"
"52","16","30.16.1440","PINCEL MARCADOR PERMANENTE CD, MATERIAL PLÁSTICO, TIPO PONTA POLIÉSTER, COR TINTA AZUL, CARACTERÍSTICAS ADICIONAIS PONTA 2MM",,"0000-00-00 00:00:00","0000-00-00 00:00:00","0000-00-00 00:00:00","0"
"53","16","30.16.1441","PINCEL MARCADOR PERMANENTE CD, MATERIAL PLÁSTICO, TIPO PONTA POLIÉSTER, COR TINTA PRETA, CARACTERÍSTICAS ADICIONAIS PONTA 2MM",,"0000-00-00 00:00:00","0000-00-00 00:00:00","0000-00-00 00:00:00","0"
"54","16","30.16.1442","MARCADOR PÁGINA, MATERIAL FILME DE POLIÉSTER E ADESIVO ACRÍLICO, COR DIVERSAS, LARGURA 22 MM, COMPRIMENTO 43 MM, CARACTERÍSTICAS ADICIONAIS REPOSICIONÁVEL, REUTILIZÁVEL",,"0000-00-00 00:00:00","0000-00-00 00:00:00","0000-00-00 00:00:00","0"
"55","16","30.16.1443","CAIXA CORRESPONDÊNCIA, MATERIAL ACRÍLICO, COR FUMÊ, TIPO TRIPLA, LARGURA 255 MM, ALTURA 185 MM, CARACTERÍSTICAS ADICIONAIS COM INCLINAÇÃO ENTRE AS BANDEJAS, PROFUNDIDADE 255 MM",,"0000-00-00 00:00:00","0000-00-00 00:00:00","0000-00-00 00:00:00","0"
"56","16","30.16.1444","CAIXA CORRESPONDÊNCIA, MATERIAL ACRÍLICO, COR FUMÊ, TIPO DUPLA, COMPRIMENTO 370 MM, LARGURA 255 MM, ALTURA 180 MM, CARACTERÍSTICAS ADICIONAIS COM INCLINAÇÃO ENTRE AS BANDEJAS",,"0000-00-00 00:00:00","0000-00-00 00:00:00","0000-00-00 00:00:00","0"
"57","16","30.16.1445","CAIXA CORRESPONDÊNCIA, MATERIAL ACRÍLICO, COR FUMÊ, TIPO SIMPLES, COMPRIMENTO 370 MM, LARGURA 255 MM",,"0000-00-00 00:00:00","0000-00-00 00:00:00","0000-00-00 00:00:00","0"
"58","16","30.16.1446","PAPEL A4 ALCALINO, GRAMATURA 75 G/M2, COR AZUL, C/ 100 FL",,"0000-00-00 00:00:00","0000-00-00 00:00:00","0000-00-00 00:00:00","0"
"59","16","30.16.1453","PAPEL MANTEIGA, MATERIAL CELULOSE VEGETAL, 40 G/M2, 297 X 210 MM, FORMATO A4, APLICAÇÃO DESENHO TÉCNICO",,"0000-00-00 00:00:00","0000-00-00 00:00:00","0000-00-00 00:00:00","0"
"60","16","30.16.1456","PAPEL MANTEIGA, MATERIAL CELULOSE VEGETAL, 40 G/M2, 420 X 297 MM, FORMATO A3, APLICAÇÃO DESENHO TÉCNICO",,"0000-00-00 00:00:00","0000-00-00 00:00:00","0000-00-00 00:00:00","0"
"61","16","30.16.1459","PAPEL CELOFANE, 100 X 86 CM, COR AZUL",,"0000-00-00 00:00:00","0000-00-00 00:00:00","0000-00-00 00:00:00","0"
"62","16","30.16.1460","PAPEL COLOR SET (BRANCA) - 66 X 48 CM, 120 G/M2, APLICAÇÃO CONFECÇÃO DE CARTAZES, C/ 20 FL",,"0000-00-00 00:00:00","0000-00-00 00:00:00","0000-00-00 00:00:00","0"
"63","16","30.16.1481","GRAMPO TRILHO ENCADERNADOR, POLIPROPILENO, COMPRIMENTO 195 MM, TIPO GARRA, LARGURA 50 MM, COR BRANCA",,"0000-00-00 00:00:00","0000-00-00 00:00:00","0000-00-00 00:00:00","0"
"64","16","30.16.1506","CORRETIVO LÍQUIDO, MATERIAL BASE D'ÁGUA, SECAGEM RÁPIDA, APRESENTAÇÃO FRASCO, APLICAÇÃO PAPEL COMUM ML, VOLUME 18ML",,"0000-00-00 00:00:00","0000-00-00 00:00:00","0000-00-00 00:00:00","0"
"65","16","30.16.1511","COLA, COMPOSIÇÃO POLÍMERO DE ACETATO DE POLIVINILA E ADITIVOS, COR VARIADA, COM APLICADOR, NÃO TÓXICA, SOLÚVEL EM ÁGUA, TIPO GLITTER.",,"0000-00-00 00:00:00","0000-00-00 00:00:00","0000-00-00 00:00:00","0"
"66","16","30.16.1523","SACO DOCUMENTO, MATERIAL PLÁSTICO TRANSPARENTE, CAPACIDADE FOLHAS 40 FL, COMPRIMENTO 330 MM, LARGURA 240 MM, NÚMERO FUROS SEM FUROS. PACOTE COM 50 UN.",,"0000-00-00 00:00:00","0000-00-00 00:00:00","0000-00-00 00:00:00","0"
"67","16","30.16.1539","CARIMBO DATADOR AUTOMÁTICO R 24 REDONDO 5X8MM MARCA NYLON",,"0000-00-00 00:00:00","0000-00-00 00:00:00","0000-00-00 00:00:00","0"
"68","16","30.16.1582","COPO DESCARTÁVEL 80 ml. Caixa c/ 2500 copos divididos em 25 sacolas com 100 unidades",,"0000-00-00 00:00:00","0000-00-00 00:00:00","0000-00-00 00:00:00","0"
"69","16","30.16.1610","FITA ADESIVA, MATERIAL CREPE, TIPO MONOFACE, LARGURA 50MM, COMPRIMENTO 50M, COR BRANCA, APLICAÇÃO MULTIUSO.",,"0000-00-00 00:00:00","0000-00-00 00:00:00","0000-00-00 00:00:00","0"
"70","16","30.16.1619","TESOURA COSTURA, MATERIAL AÇO INOXIDÁVEL, TAMANHO 8,5 POL, COMPRIMENTO 21 CM",,"0000-00-00 00:00:00","0000-00-00 00:00:00","0000-00-00 00:00:00","0"
"71","16","30.16.1620","CADERNO UNIVERSITÁRIO, APRESENTAÇÃO ESPIRAL, 200 FLS, MATERIAL CELULOSE VEGETAL, MATERIAL CAPA PAPELÃO, 280X205MM",,"0000-00-00 00:00:00","0000-00-00 00:00:00","0000-00-00 00:00:00","0"
"72","16","30.16.1621","PAPEL A4, MATERIAL PAPEL ALCALINO, COMPRIMENTO 297MM, LARGURA 210MM, APLICAÇÃO IMPRESSORA LASER E JATO DE TINTA, GRAMATURA 75 G/M2, COR BRANCA MARCA: One.",,"0000-00-00 00:00:00","0000-00-00 00:00:00","0000-00-00 00:00:00","0"
"73","16","30.16.1661","PILHA, TAMANHO PEQUENA, ALCALINA, AA",,"0000-00-00 00:00:00","0000-00-00 00:00:00","0000-00-00 00:00:00","0"
"74","16","30.16.1662","PILHA, TAMANHO PEQUENA, ALCALINA, AAA",,"0000-00-00 00:00:00","0000-00-00 00:00:00","0000-00-00 00:00:00","0"
"75","16","30.16.1694","PAPEL A4, MATERIAL PAPEL ALCALINO, COMPRIMENTO 297MM, LARGURA 210MM, GRAMATURA 75 G/M2, COR BRANCA",,"0000-00-00 00:00:00","0000-00-00 00:00:00","0000-00-00 00:00:00","0"
"76","16","30.16.181","CLIPE, TAMANHO 8/0, MATERIAL METAL, FORMATO PARALELO, CAIXA COM 25 UN.",,"0000-00-00 00:00:00","0000-00-00 00:00:00","0000-00-00 00:00:00","0"
"77","16","30.16.1841","CANETA DESENHO ARQUITETONICO, MATERIAL CORPO PLASTICO, PONTA NAÍLON, CORPO CILINDRICO 10MM, CARGA 0,10MM, 14CM, BASE D'AGUA E PIGMENTO NANQUIM",,"0000-00-00 00:00:00","0000-00-00 00:00:00","0000-00-00 00:00:00","0"
"78","16","30.16.1899","CARIMBO, 18X47 MM, FORMATO RETÂNGULAR, AUTO-ENTINTADO.",,"0000-00-00 00:00:00","0000-00-00 00:00:00","0000-00-00 00:00:00","0"
"79","16","30.16.1901","CARIMBO, 37X76 MM, FORMATO RETANGULAR, AUTO-ENTINTADO.",,"0000-00-00 00:00:00","0000-00-00 00:00:00","0000-00-00 00:00:00","0"
"80","16","30.16.1902","CARIMBO, 20 MM DIÂMETRO, FORMATO REDONDO, AUTO-ENTINTADO.",,"0000-00-00 00:00:00","0000-00-00 00:00:00","0000-00-00 00:00:00","0"
"81","16","30.16.1951","FITA ADESIVA, MATERIAL ESPUMA ACRÍLICA, TIPO DUPLA FACE, LARGURA 24 MM, COMPRIMENTO 1,5 M, ALTA RESISTÊNCIA A VARIAÇÕES CLIMÁTICAS [16] MATERIAL DE EXPEDIENTE.",,"0000-00-00 00:00:00","0000-00-00 00:00:00","0000-00-00 00:00:00","0"
"82","16","30.16.1954","BARBANTE ALGODÃO, QUANTIDADE FIOS 6 UNIDADES, ACABAMENTO SUPERFICIAL CRU.",,"0000-00-00 00:00:00","0000-00-00 00:00:00","0000-00-00 00:00:00","0"
"83","16","30.16.1957","PASTA ARQUIVO, MATERIAL PLÁSTICO, TIPO SUSPENSA.",,"0000-00-00 00:00:00","0000-00-00 00:00:00","0000-00-00 00:00:00","0"
"84","16","30.16.1989","Caneta corretiva. Marca: Master.",,"0000-00-00 00:00:00","0000-00-00 00:00:00","0000-00-00 00:00:00","0"
"85","16","30.16.1997","Fita sinalização, material plástico, largura 70 mm, cor preta e amarela, aplicação sinalização de advertência, características adicionais formato cores em diagonal, zebrada.",,"0000-00-00 00:00:00","0000-00-00 00:00:00","0000-00-00 00:00:00","0"
"86","16","30.16.2019","Pistola aplicadora de cola quente. Bivoltagem: 110/220 V; 40 Watts; ponta com isolante térmico; para refil de 11 a 12 mm de diâmetro. Marca: Jocar.",,"0000-00-00 00:00:00","0000-00-00 00:00:00","0000-00-00 00:00:00","0"
"87","16","30.16.2036","Cola aplicação papel, características adicionais atóxica, sem glicerina, tipo bastão, marca leo.",,"0000-00-00 00:00:00","0000-00-00 00:00:00","0000-00-00 00:00:00","0"
"88","16","30.16.2038","Disco compacto, CD/DVD, tipo regravável/ DVD - RW, características adicionais monoface, capacidade DVD ROM 4,7 GB, Marca elgin.",,"0000-00-00 00:00:00","0000-00-00 00:00:00","0000-00-00 00:00:00","0"
"89","16","30.16.2042","Cinta elástica, material algodão e polipropileno, forma circular, largura 4 cm, diâmetro 55cm, cor branca aplicação unir processo. Marca olimpia.",,"0000-00-00 00:00:00","0000-00-00 00:00:00","0000-00-00 00:00:00","0"
"90","16","30.16.2045","EXTRATOR GRAMPO, MATERIAL AÇO, TIPO ESPÁTULA, TRATAMENTO SUPERFICIAL CROMADO",,"0000-00-00 00:00:00","0000-00-00 00:00:00","0000-00-00 00:00:00","0"
"91","16","30.16.2047","CLIPE, TAMANHO 6/0, MATERIAL METAL, FORMATO PARALELO",,"0000-00-00 00:00:00","0000-00-00 00:00:00","0000-00-00 00:00:00","0"
"92","16","30.16.2048","CLIPE, TAMANHO 8/0, MATERIAL METAL, FORMATO PARALELO",,"0000-00-00 00:00:00","0000-00-00 00:00:00","0000-00-00 00:00:00","0"
"93","16","30.16.2050","PINCEL MARCADOR PERMANENTE CD, MATERIAL PLÁSTICO, TIPO PONTA POLIÉSTER, COR TINTA VERMELHA, CARACTERÍSTICAS ADICIONAIS PONTA 2MM",,"0000-00-00 00:00:00","0000-00-00 00:00:00","0000-00-00 00:00:00","0"
"94","16","30.16.2061","Calculadora eletrônica de mesa, com 12 dígitos, alimentação com bateria HR1130 ou célula solar. Marca: Kenko.",,"0000-00-00 00:00:00","0000-00-00 00:00:00","0000-00-00 00:00:00","0"
"95","16","30.16.2077","Grampo, grampeador, material metal, tratamento superficial niquelado, tamanho 26/6, Marca Jocar.",,"0000-00-00 00:00:00","0000-00-00 00:00:00","0000-00-00 00:00:00","0"
"96","16","30.16.2078","Grampeador, tratamento superficial pintado, material metal, tipo mesa, capacidade 20 FL, aplicação papel,",,"0000-00-00 00:00:00","0000-00-00 00:00:00","0000-00-00 00:00:00","0"
"97","16","30.16.2083","CANETA MARCA-TEXTO, COR AZUL",,"0000-00-00 00:00:00","0000-00-00 00:00:00","0000-00-00 00:00:00","0"
"98","16","30.16.2085","CALCULADORA ELETRÔNICA DE BOLSO 8 DÍGITOS. POSSUI VISOR DE LCD, CALCULA RAIZ QUADRADA, PORCENTAGEM, ALÉM DAS QUATRO OPERAÇÕES BÁSICAS. POSSUI MEMÓRIA DE DESLIGAMENTO AUTOMÁTICO, COM FUNCIONAMENTO A PILHA AA OU AAA 1,5V ENERGIA SOLAR",,"0000-00-00 00:00:00","0000-00-00 00:00:00","0000-00-00 00:00:00","0"
"99","16","30.16.2097","COPO DESCARTÁVEL, CAPACIDADE 50 ml, APLICAÇÃO CAFÉ, PACOTE C/ 100 UNIDADES.",,"0000-00-00 00:00:00","0000-00-00 00:00:00","0000-00-00 00:00:00","0"
"100","16","30.16.2137","PASTA ARQUIVO, MATERIAL PAPELÃO PRENSADO, TIPO AZ, LOMBADA 85 MM (LARGA).",,"0000-00-00 00:00:00","0000-00-00 00:00:00","0000-00-00 00:00:00","0"
"101","16","30.16.2138","Etiqueta autoadesiva, cor branca, medidas: 25,4 x 101,6 mm, 20 etiquetas por folha. Caixa c/ 100 folhas, total de 2000 etiquetas.",,"0000-00-00 00:00:00","0000-00-00 00:00:00","0000-00-00 00:00:00","0"
"102","16","30.16.2139","PRANCHETA, MATERIAL ACRÍLICO, COMPRIMENTO 350 mm, LARGURA 250 mm, COR FUMÊ, COM PRENDEDOR PLÁSTICO.",,"0000-00-00 00:00:00","0000-00-00 00:00:00","0000-00-00 00:00:00","0"
"103","16","30.16.2141","Ponta refil p/ pincel quadro branco, ponta de acrílico 6,0 mm, espessura da escrita 2,0 mm, ponta redonda, pacote c/ 3 unidades.",,"0000-00-00 00:00:00","0000-00-00 00:00:00","0000-00-00 00:00:00","0"
"104","16","30.16.2143","Garrafa térmica de pressão 1 L.",,"0000-00-00 00:00:00","0000-00-00 00:00:00","0000-00-00 00:00:00","0"
"105","16","30.16.2158","TINTA GUACHE COR: AMARELA.",,"0000-00-00 00:00:00","0000-00-00 00:00:00","0000-00-00 00:00:00","0"
"106","16","30.16.2159","TINTA GUACHE COR: VERMELHO",,"0000-00-00 00:00:00","0000-00-00 00:00:00","0000-00-00 00:00:00","0"
"107","16","30.16.2160","TINTA GUACHE COR: VERDE",,"0000-00-00 00:00:00","0000-00-00 00:00:00","0000-00-00 00:00:00","0"
"108","16","30.16.2191","ETIQUETA ADESIVA, MATERIAL PAPEL, COR BRANCO FOSCO, APLICAÇÃO CD-ROM, REDONDO, DIÂMETRO 116 MM, CAIXA COM 50 UNIDADES.",,"0000-00-00 00:00:00","0000-00-00 00:00:00","0000-00-00 00:00:00","0"
"109","16","30.16.2193","FITA ADESIVA, MATERIAL CREPE, TIPO MONOFACE, LARGURA 25 MM, COMPRIMENTO 50 M, COR BRANCA, APLICAÇÃO MULTIUSO.",,"0000-00-00 00:00:00","0000-00-00 00:00:00","0000-00-00 00:00:00","0"
"110","16","30.16.2194","FITA ADESIVA, MATERIAL POLIPROPILENO TRANSPARENTE, TIPO MONOFACE, LARGURA 25 MM, COMPRIMENTO 50 M, INCOLOR, APLICAÇÃO MULTIUSO.",,"0000-00-00 00:00:00","0000-00-00 00:00:00","0000-00-00 00:00:00","0"
"111","16","30.16.2197","FITA ADESIVA, MATERIAL PAPEL, TIPO DUPLA FACE, LARGURA 12 MM, COMPRIMENTO 30 M, COR BRANCA, APLICAÇÃO MULTIUSO.",,"0000-00-00 00:00:00","0000-00-00 00:00:00","0000-00-00 00:00:00","0"
"112","16","30.16.2198","BASE P/ FITA ADESIVA, MATERIAL PLÁSTICO RESISTENTE, TAMANHO PEQUENO, CARACTERÍSTICAS ADICIONAIS LÂMINA DE CORTE EM AÇO INOX SERRILHADO, COM ROLDANA.",,"0000-00-00 00:00:00","0000-00-00 00:00:00","0000-00-00 00:00:00","0"
"113","16","30.16.2199","ENVELOPE, MATERIAL PAPEL KRAFT FL, GRAMATURA 90 G/M2, TIPO SACO COMUM, COMPRIMENTO 324 MM, LARGURA 229 MM, COR PARDA.",,"0000-00-00 00:00:00","0000-00-00 00:00:00","0000-00-00 00:00:00","0"
"114","16","30.16.2200","ENVELOPE, MATERIAL PAPEL KRAFT FL, GRAMATURA 80 G/M2, TIPO SACO COMUM, COMPRIMENTO 230 MM, LARGURA 162 MM, COR PARDA",,"0000-00-00 00:00:00","0000-00-00 00:00:00","0000-00-00 00:00:00","0"
"115","16","30.16.2203","PAPEL ALMAÇO, MATERIAL CELULOSE VEGETAL, GRAMATURA 75 G/M2, TIPO COM PAUTA E MARGEM, PACOTE C/ 10 UNIDADES",,"0000-00-00 00:00:00","0000-00-00 00:00:00","0000-00-00 00:00:00","0"
"116","16","30.16.2204","PAPEL, MATERIAL CELULOSE VEGETAL, GRAMATURA 300 G/M2, COR PALHA, COMPRIMENTO 106 CM, LARGURA 78 CM, TIPO FILIFOLD, (PAPEL GRAVURA).",,"0000-00-00 00:00:00","0000-00-00 00:00:00","0000-00-00 00:00:00","0"
"117","16","30.16.2206","PAPEL VERGÊ, MATERIAL CELULOSE VEGETAL, COR BRANCO LINHO, TIPO CLÁSSICO, GRAMATURA 90 G/M2, FORMATO A4, PACOTE C/ 100 FOLHAS.",,"0000-00-00 00:00:00","0000-00-00 00:00:00","0000-00-00 00:00:00","0"
"118","16","30.16.2208","PONTA SECA, PONTA EM AÇO E CABO EM MADEIRA, SIMILAR AO LÁPIS. APLICAÇÃO: UTILIZADA P/ GRAVAÇÃO DIRETA.",,"0000-00-00 00:00:00","0000-00-00 00:00:00","0000-00-00 00:00:00","0"
"119","16","30.16.2211","COLA, COMPOSIÇÃO POLIVINIL ACETATO-PVA, COR BRANCA, APLICAÇÃO PAPEL, TIPO PASTOSA, FRASCO DE 1 KG.",,"0000-00-00 00:00:00","0000-00-00 00:00:00","0000-00-00 00:00:00","0"
"120","16","30.16.2212","REFIL P/ PISTOLA QUENTE, COMPOSIÇÃO SILICONE, TIPO BASTÃO, COR INCOLOR.",,"0000-00-00 00:00:00","0000-00-00 00:00:00","0000-00-00 00:00:00","0"
"121","16","30.16.2387","RÉGUA ESCRITÓRIO, MATERIAL ACRÍLICO, COMPRIMENTO 50cm, GRADUAÇÃO CENTÍMETRO / MILÍMETRO, MATERIAL FLEXÍVEL, INCOLOR, TRANSPARENTE.",,"0000-00-00 00:00:00","0000-00-00 00:00:00","0000-00-00 00:00:00","0"
"122","16","30.16.2477","PERFURADOR DE PAPEL, MATERIAL METAL, TIPO GRANDE, TRATAMENTO SUPERFICIAL NIQUELADO, CAPACIDADE PERFURAÇÃO 20 FL, FUNCIONAMENTO MANUAL.",,"0000-00-00 00:00:00","0000-00-00 00:00:00","0000-00-00 00:00:00","0"
"123","16","30.16.2485","CONJUNTO MULTIUSO ESCRITÓRIO, MATERIAL ACRÍLICO, APLICAÇÃO LÁPIS, ACESSÓRIOS REGUA, TESOURA, LÁPIS, CANETA, BORRACHA, ESQUADRO, MODELO BÁSICO.",,"0000-00-00 00:00:00","0000-00-00 00:00:00","0000-00-00 00:00:00","0"
"124","16","30.16.2492","""PAPEL A4"", MATERIAL PAPEL RECICLADO, COMPRIMENTO 297 MM, LARGURA 210 MM, APLICAÇÃO IMPRESSORA JATO TINTA, GRAMATURA 75 G/M2, COR BRANCA",,"0000-00-00 00:00:00","0000-00-00 00:00:00","0000-00-00 00:00:00","0"
"125","16","30.16.2497","MARCADOR PÁGINA, MATERIAL FILME DE POLIÉSTER ADESIVO ACRÍLICO, COR DIVERSAS, LARGURA 12 MM, COMPRIMENTO 42 MM, TRANSMITÂNCIA TRANSPARENTE.",,"0000-00-00 00:00:00","0000-00-00 00:00:00","0000-00-00 00:00:00","0"
"126","16","30.16.2567","PASTA ARQUIVO, MATERIAL CARTÃO PLASTIFICADO, LOMBADA 20 MM, COR AZUL, CARACTERÍSTICAS ADICIONAIS COM ABA E ELÁSTICO, TAMANHO OFÍCIO",,"0000-00-00 00:00:00","0000-00-00 00:00:00","0000-00-00 00:00:00","0"
"127","16","30.16.2672","Quadro/Display Multiuso, formato A4, autoadesivo, material poliestireno, cor cristal, transparente, com corte para auxílio na retirada do aviso, modelo referência Acrimet 865.0.",,"0000-00-00 00:00:00","0000-00-00 00:00:00","0000-00-00 00:00:00","0"
"128","16","30.16.2673","Fita Zebrada, material plástico, largura 70 mm, comprimento 100 m, cor preta e amarela, aplicação sinalização de advertência, formato das cores em diagonal.",,"0000-00-00 00:00:00","0000-00-00 00:00:00","0000-00-00 00:00:00","0"
"129","16","30.16.2674","Pasta arquivo, material cartão plastificado, sem lombada, com aba e elástico, tamanho ofício.",,"0000-00-00 00:00:00","0000-00-00 00:00:00","0000-00-00 00:00:00","0"
"130","16","30.16.2678","PAPEL CELOFANE, AMARELO, COMPRIMENTO 100 CM.",,"0000-00-00 00:00:00","0000-00-00 00:00:00","0000-00-00 00:00:00","0"
"131","16","30.16.2679","PAPEL CELOFANE, ROSA, COMPRIMENTO 100 CM.",,"0000-00-00 00:00:00","0000-00-00 00:00:00","0000-00-00 00:00:00","0"
"132","16","30.16.2680","PAPEL CELOFANE, VERMELHO, COMPRIMENTO 100 CM.",,"0000-00-00 00:00:00","0000-00-00 00:00:00","0000-00-00 00:00:00","0"
"133","16","30.16.2681","30.16.2680 PAPEL CELOFANE, VERDE, COMPRIMENTO 100 CM.",,"0000-00-00 00:00:00","0000-00-00 00:00:00","0000-00-00 00:00:00","0"
"134","16","30.16.2682","PAPEL SEDA, AMARELO, COMPRIMENTO 70 CM, LARGURA 50 CM.",,"0000-00-00 00:00:00","0000-00-00 00:00:00","0000-00-00 00:00:00","0"
"135","16","30.16.2683","PAPEL SEDA, VERMELHO, COMPRIMENTO 70 CM, LARGURA 50 CM.",,"0000-00-00 00:00:00","0000-00-00 00:00:00","0000-00-00 00:00:00","0"
"136","16","30.16.2685","PAPEL SEDA, VERDE, COMPRIMENTO 70 CM, LARGURA 50 CM, MATERIAL CELULOSE VEGETAL.",,"0000-00-00 00:00:00","0000-00-00 00:00:00","0000-00-00 00:00:00","0"
"137","16","30.16.2686","PAPEL SEDA, AZUL, COMPRIMENTO 70 CM, LARGURA 50 CM.",,"0000-00-00 00:00:00","0000-00-00 00:00:00","0000-00-00 00:00:00","0"
"138","16","30.16.2687","PAPEL SEDA, BRANCO, COMPRIMENTO 70 CM, LARGURA 50 CM.",,"0000-00-00 00:00:00","0000-00-00 00:00:00","0000-00-00 00:00:00","0"
"139","16","30.16.2688","PAPEL CREPOM, VERMELHO, COMPRIMENTO 2M, LARGURA 48 CM.",,"0000-00-00 00:00:00","0000-00-00 00:00:00","0000-00-00 00:00:00","0"
"140","16","30.16.2690","PAPEL CREPOM, AZUL, COMPRIMENTO 2M, LARGURA 48 CM.",,"0000-00-00 00:00:00","0000-00-00 00:00:00","0000-00-00 00:00:00","0"
"141","16","30.16.2691","PAPEL CREPOM, VERDE, COMPRIMENTO 2M, LARGURA 48 CM.",,"0000-00-00 00:00:00","0000-00-00 00:00:00","0000-00-00 00:00:00","0"
"142","16","30.16.2692","PAPEL CREPOM, LILÁS, COMPRIMENTO 2M, LARGURA 48 CM.",,"0000-00-00 00:00:00","0000-00-00 00:00:00","0000-00-00 00:00:00","0"
"143","16","30.16.2693","PAPEL CREPOM, LARANJA, COMPRIMENTO 2M, LARGURA 48 CM.",,"0000-00-00 00:00:00","0000-00-00 00:00:00","0000-00-00 00:00:00","0"
"144","16","30.16.2694","PAPEL COLOR SET, PRETO.",,"0000-00-00 00:00:00","0000-00-00 00:00:00","0000-00-00 00:00:00","0"
"145","16","30.16.2695","PAPEL COLOR SET, VERMELHO.",,"0000-00-00 00:00:00","0000-00-00 00:00:00","0000-00-00 00:00:00","0"
"146","16","30.16.2696","PAPEL COLOR SET, LARANJA.",,"0000-00-00 00:00:00","0000-00-00 00:00:00","0000-00-00 00:00:00","0"
"147","16","30.16.2697","TNT, VERMELHO, 100 G/M2, LARGURA 1,40.",,"0000-00-00 00:00:00","0000-00-00 00:00:00","0000-00-00 00:00:00","0"
"148","16","30.16.2698","TNT, AZUL, GRAMATURA 100 G/M2, LARGURA 1,40.",,"0000-00-00 00:00:00","0000-00-00 00:00:00","0000-00-00 00:00:00","0"
"149","16","30.16.276","PAPEL CASCA DE OVO ( COR BRANCA ) - FORMATO A4, GRAMATURA 180 G/M², MATERIAL CELULOSE, COMPRIMENTO 297MM, LARGURA 210MM, APLICAÇÃO IMPRESSORA JATO DE TINTA.",,"0000-00-00 00:00:00","0000-00-00 00:00:00","0000-00-00 00:00:00","0"
"150","16","30.16.289","PAPEL EMBORRACHADO, COR VERDE MATERIAL BORRACHA EVA, COMPRIMENTO 60 CM, LARGURA 40 CM, ESPESSURA 2 MM, PADRÃO LISO, COR VERDE, APLICAÇÃO CONFECÇÃO DEDE PAINEIS",,"0000-00-00 00:00:00","0000-00-00 00:00:00","0000-00-00 00:00:00","0"
"151","16","30.16.297","PAPEL EMBORRACHADO, COR VERMELHO, MATERIAL BORRACHA EVA, COMPRIMENTO 60 CM, LARGURA 40 CM, ESPESSURA 2 MM, PADRÃO LISO, APLICAÇÃO CONFECÇÃO DEDE PAINEIS",,"0000-00-00 00:00:00","0000-00-00 00:00:00","0000-00-00 00:00:00","0"
"152","16","30.16.320","PAPEL CARTOLINA, MATERIAL CELULOSE VEGETAL, GRAMATURA 180 G/M2, COR BRANCA, 660X500 MM",,"0000-00-00 00:00:00","0000-00-00 00:00:00","0000-00-00 00:00:00","0"
"153","16","30.16.347","LAPISEIRA, MATERIAL PLÁSTICO, DIÂMETRO CARGA 0.9MM, C/ PRENDEDOR, PONTA E ACIONADOR DE METAL, C/ BORRACHA APAGADORA.",,"0000-00-00 00:00:00","0000-00-00 00:00:00","0000-00-00 00:00:00","0"
"154","16","30.16.390","PAPEL CARTOLINA, MATERIAL CELULOSE VEGETAL, GRAMATURA 180 G/M2, COR VERDE, 660X500MM",,"0000-00-00 00:00:00","0000-00-00 00:00:00","0000-00-00 00:00:00","0"
"155","16","30.16.395","PINCEL ATÔMICO/PERMANENTE, MATERIAL PLÁSTICO, TIPO PONTA CHANFRADA, TIPO CARGA DESCARTÁVEL, COR TINTA AZUL.",,"0000-00-00 00:00:00","0000-00-00 00:00:00","0000-00-00 00:00:00","0"
"156","16","30.16.416","FITA ADESIVA, MATERIAL POLIETILENO, TIPO MONOFACE, 50MMX50M, MARROM",,"0000-00-00 00:00:00","0000-00-00 00:00:00","0000-00-00 00:00:00","0"
"157","16","30.16.486","PINCEL PARA QUADRO BRANCO/MAGNÉTICO, MATERIAL PLÁSTICO, PONTA ACRÍLICO, COR PRETA",,"0000-00-00 00:00:00","0000-00-00 00:00:00","0000-00-00 00:00:00","0"
"158","16","30.16.487","PINCEL PARA QUADRO BRANCO/MAGNÉTICO, MATERIAL PLÁSTICO, PONTA ACRÍLICO, COR AZUL",,"0000-00-00 00:00:00","0000-00-00 00:00:00","0000-00-00 00:00:00","0"
"159","16","30.16.488","PINCEL PARA QUADRO BRANCO/MAGNÉTICO, MATERIAL PLÁSTICO, PONTA ACRÍLICO, COR VERMELHA",,"0000-00-00 00:00:00","0000-00-00 00:00:00","0000-00-00 00:00:00","0"
"160","16","30.16.537","FITA DUREX ADESIVA, MATERIAL CELOFANE TRANPARENTE, TIPO MONOFACE, LARGURA 12MM, COMPRIMENTO 50M, INCOLOR, APLICAÇÃO MULTIUSO.",,"0000-00-00 00:00:00","0000-00-00 00:00:00","0000-00-00 00:00:00","0"
"161","16","30.16.569","PASTA ARQUIVO, MATERIAL PAPELÃO PRENSADO, TIPO AZ, 280 X 350MM, LOMBADA ESTREITA 50MM. COR PRETA.",,"0000-00-00 00:00:00","0000-00-00 00:00:00","0000-00-00 00:00:00","0"
"162","16","30.16.596","CADERNO DE MATERIA, 280 X 220 MM, 200 FLS",,"0000-00-00 00:00:00","0000-00-00 00:00:00","0000-00-00 00:00:00","0"
"163","16","30.16.623","PASTA SANFONADA, MATERIAL PLÁSTICO/PVC, COM 12 DIVISÕES, TAMANHO 240MM X 320MM X 30MM, COR FUMÊ, FECHAMENTO COM ELÁSTICO.",,"0000-00-00 00:00:00","0000-00-00 00:00:00","0000-00-00 00:00:00","0"
"164","16","30.16.717","CANETA MARCA-TEXTO, MATERIAL PLÁSTICO, TIPO PONTA FLOURESCENTE, COR LARANJA, CARACTERÍSTICAS ADICIONAIS TRAÇO 5MM.",,"0000-00-00 00:00:00","0000-00-00 00:00:00","0000-00-00 00:00:00","0"
"165","16","30.16.72","PAPEL COLOR SET ( AZUL )",,"0000-00-00 00:00:00","0000-00-00 00:00:00","0000-00-00 00:00:00","0"
"166","16","30.16.812","CARIMBO AUTO-ENTINTADO/AUTOMÁTICO, DATADOR, GIRATÓRIO, DIA/MÊS/ANO.",,"0000-00-00 00:00:00","0000-00-00 00:00:00","0000-00-00 00:00:00","0"
"167","16","30.16.888","TNT, GRAMATURA 100 G/M2, COR VERDE, LARGURA 1.40M",,"0000-00-00 00:00:00","0000-00-00 00:00:00","0000-00-00 00:00:00","0"
"168","16","30.16.890","TNT Gramatura 100 G/M2 cor LARANJA largura 1,40 mt.",,"0000-00-00 00:00:00","0000-00-00 00:00:00","0000-00-00 00:00:00","0"
"169","16","30.16.903","PAPEL A4 ALCALINO, TIPO RECICLADO, 297X210MM, 75G/M2 - RESMA (500 FLS)",,"0000-00-00 00:00:00","0000-00-00 00:00:00","0000-00-00 00:00:00","0"
"170","16","30.16.904","PAPEL A4 ALCALINO, COR AMARELA, 297X210MM, GRAMATURA 75G/M2, C/ 100FLS",,"0000-00-00 00:00:00","0000-00-00 00:00:00","0000-00-00 00:00:00","0"
"171","16","30.16.905","PAPEL A4 ALCALINO, TIPO COLORIDO, COR ROSA, 297X210MM, 75G/M2, C/ 100FLS",,"0000-00-00 00:00:00","0000-00-00 00:00:00","0000-00-00 00:00:00","0"
"172","16","30.16.906","PAPEL A4 ALCALINO, TIPO COLORIDO, COR VERDE, 297X210MM, 75G/M2, C/ 100FLS",,"0000-00-00 00:00:00","0000-00-00 00:00:00","0000-00-00 00:00:00","0"
"173","16","30.16.951","FITA ADESIVA, MATERIAL POLIPROPILENO TRANSPARENTE, TIPO MONOFACE, LARGURA 50 MM, COMPRIMENTO 50 M, COR INCOLOR, APLICAÇÃO MULTIUSO",,"0000-00-00 00:00:00","0000-00-00 00:00:00","0000-00-00 00:00:00","0"
"174","16","30.16.96","PAPEL COLOR SET ( AMARELA)",,"0000-00-00 00:00:00","0000-00-00 00:00:00","0000-00-00 00:00:00","0"
"175","16","30.16.994","BLOCO DE RECADO, MATERIAL RECICLADO COR NATURAL, LARGURA 38MM, COMPRIMENTO 50MM, AUTO ADESIVO COM 100 FOLHAS",,"0000-00-00 00:00:00","0000-00-00 00:00:00","0000-00-00 00:00:00","0"
"176","17","30.17.668","CARTUCHO DE TONER LASERJET COMPATÍVEL, 305A, CE411A, COR CIANO.",,"0000-00-00 00:00:00","0000-00-00 00:00:00","0000-00-00 00:00:00","0"
"177","17","30.17.670","CARTUCHO DE TONER LASERJET COMPATÍVEL 305A, CE410A, COR PRETO",,"0000-00-00 00:00:00","0000-00-00 00:00:00","0000-00-00 00:00:00","0"
"178","17","30.17.671","CARTUCHO DE TONER LASERJET COMPATÍVEL 305A, CE412A, COR AMARELO",,"0000-00-00 00:00:00","0000-00-00 00:00:00","0000-00-00 00:00:00","0"
"179","17","30.17.805","CARTUCHO TONER IMPRESSORA HP, COR PRETA, REFERÊNCIA CARTUCHO 2 CE410A",,"0000-00-00 00:00:00","0000-00-00 00:00:00","0000-00-00 00:00:00","0"
"180","17","30.17.817","CARTUCHO DE TONER CE413A MAGENTA - COMPATÍVEL.",,"0000-00-00 00:00:00","0000-00-00 00:00:00","0000-00-00 00:00:00","0"
"181","17","30.17.840","CARTUCHO DE TONER, P. IMPRESSORA HP LASERJET, MODEL.: CE278A COR PRETO",,"0000-00-00 00:00:00","0000-00-00 00:00:00","0000-00-00 00:00:00","0"
"182","17","30.17.849","ETIQUETA ADESIVA (110mm x 75m) - ribbon - material 100% resina; com resistência a solventes e abrasão comprovada após teste no local; cor preta; filme base em poliéster; resistência ao calor 170ºC; velocidade de impressão: até 10 polegadas/segundo.",,"0000-00-00 00:00:00","0000-00-00 00:00:00","0000-00-00 00:00:00","0"
"183","17","30.17.922","Cartucho toner impressora HP, tipo cartucho compatível, cor preta, referência cartucho 2 CF280X.",,"0000-00-00 00:00:00","0000-00-00 00:00:00","0000-00-00 00:00:00","0"
"184","19","30.19.121","GARRAFA DE ÁGUA MATERIAL PLÁSTICO CAPACIDADE 500ml , CARACTERÍSTICAS ADICIONAIS COM TAMPA ROSCÁVEL, COR BRANCA, TIPO SQUEEZE",,"0000-00-00 00:00:00","0000-00-00 00:00:00","0000-00-00 00:00:00","0"
"185","19","30.19.187","CAIXA ARQUIVO, MATERIAL PLÁSTICO CORRUGADO, DIMENSÕES 340 X 240 X 130 MM, APLICAÇÃO ARQUIVAMENTO DE DOCUMENTOS",,"0000-00-00 00:00:00","0000-00-00 00:00:00","0000-00-00 00:00:00","0"
"186","19","30.19.188","SACO DOCUMENTO, MATERIAL PLÁSTICO CRISTALINO, COMPRIMENTO 340 MM, LARGURA 240 MM. (PACOTE C/ 100 UNIDADES)",,"0000-00-00 00:00:00","0000-00-00 00:00:00","0000-00-00 00:00:00","0"
"187","20","30.20.52","TOALHA ROSTO, MATERIAL 90 ALGODÃO E 10 POLIÉSTER  COR AZUL COMPRIMENTO 80 CM LARGURA 50 CM.",,"0000-00-00 00:00:00","0000-00-00 00:00:00","0000-00-00 00:00:00","0"
"188","21","30.21.1089","Dispenser para copo plástico, material plástico, cor branca, para copos 180/200 ml, capacidade 100 unidades, característica adicional: Sistema poupa copo por BOTÃO de acionamento.",,"0000-00-00 00:00:00","0000-00-00 00:00:00","0000-00-00 00:00:00","0"
"189","21","30.21.201","COPO DESCARTÁVEL 180 ML, MATERIAL POLIESTIRENO, APLICAÇÃO ÁGUA/SUCO/REFRIGERANTE, PCT. C/ 100 UNIDADES.",,"0000-00-00 00:00:00","0000-00-00 00:00:00","0000-00-00 00:00:00","0"
"190","21","30.21.37","COPO DESCARTÁVEL 180ML",,"0000-00-00 00:00:00","0000-00-00 00:00:00","0000-00-00 00:00:00","0"
"191","22","30.22.108","CESTO DE LIXO TELADO, MATERIAL PLÁSTICO, CAPACIDADE 10 LITROS",,"0000-00-00 00:00:00","0000-00-00 00:00:00","0000-00-00 00:00:00","0"
"192","22","30.22.192","SACO PLÁSTICO PARA LIXO, CAPACIDADE 100 LT, PCT. C/ 100 UNIDADES.",,"0000-00-00 00:00:00","0000-00-00 00:00:00","0000-00-00 00:00:00","0"
"193","22","30.22.374","PANO LIMPEZA, 70 VISCOSE E 30 POLIÉSTER.",,"0000-00-00 00:00:00","0000-00-00 00:00:00","0000-00-00 00:00:00","0"
"194","22","30.22.497","SACO PLÁSTICO LIXO, CAP. 200L - PCT. C/ 100",,"0000-00-00 00:00:00","0000-00-00 00:00:00","0000-00-00 00:00:00","0"
"195","22","30.22.592","BALDE GRANDE, 50 LITROS, MATERIAL PLÁSTICO",,"0000-00-00 00:00:00","0000-00-00 00:00:00","0000-00-00 00:00:00","0"
"196","22","30.22.643","PAPEL HIGIÊNICO, MATERIAL CELULOSE VIRGEM, COMPRIMENTO 300 M, LARGURA 10 CM, FOLHAS SIMPLES, COR BRANCA.",,"0000-00-00 00:00:00","0000-00-00 00:00:00","0000-00-00 00:00:00","0"
"197","22","30.22.673","TOALHA DE PAPEL, MATERIAL PAPEL, TIPO:2 DOBRAS",,"0000-00-00 00:00:00","0000-00-00 00:00:00","0000-00-00 00:00:00","0"
"198","23","30.23.880","UNIFORME ESCOLAR, CAMISA PARA FARDAMENTO ESCOLAR, TAMANHOS P,M,G,GG, E XG","473","0000-00-00 00:00:00","0000-00-00 00:00:00","0000-00-00 00:00:00","0"
"199","24","30.24.275","TAMPA PARA BACIO SANITÁRIO",,"0000-00-00 00:00:00","0000-00-00 00:00:00","0000-00-00 00:00:00","0"
"200","24","30.24.806","DESENTUPIDOR P/VASO SANITÁRIO",,"0000-00-00 00:00:00","0000-00-00 00:00:00","0000-00-00 00:00:00","0"
"201","26","30.26.1491","LÂMPADA LED, TENSÃO NOMINAL BIVOLT, POTÊNCIA NOMINAL 18 W, TIPO BASE G13, FORMATO TUBULAR",,"0000-00-00 00:00:00","0000-00-00 00:00:00","0000-00-00 00:00:00","0"
"202","26","30.26.2846","Descrição Complementar: PILHA, TAMANHO PEQUENA, TIPO ALCALINA, MODELO AAA TIPO : PALITO",,"0000-00-00 00:00:00","0000-00-00 00:00:00","0000-00-00 00:00:00","0"
"203","26","30.26.2874","PILHA RECARREGAVEL, TAMANHO PILHA PEQUENA, MODELA AA, TENSÃO 1,5 V.",,"0000-00-00 00:00:00","0000-00-00 00:00:00","0000-00-00 00:00:00","0"
"204","26","30.26.2875","PILHA RECARREGAVEL, TAMANHO PILHA PALITO, MODELO AAA, TENSÃO 1,5 V, CAPACIDADE CORRENTE 800 MAH",,"0000-00-00 00:00:00","0000-00-00 00:00:00","0000-00-00 00:00:00","0"
"205","26","30.26.925","PILHA, TAMANHO PEQUENA, TIPO ALCALINA, MODELO AA",,"0000-00-00 00:00:00","0000-00-00 00:00:00","0000-00-00 00:00:00","0"
"206","28","30.28.333","Luva de borracha, aplicação limpeza, tamanho M.",,"0000-00-00 00:00:00","0000-00-00 00:00:00","0000-00-00 00:00:00","0"
"207","28","30.28.349","LUVA BORRACHA, material látex natural, tamanho MÉDIO, característica adicionais resistentes produtos químicos, material forro algodão, tamanho cano longo.",,"0000-00-00 00:00:00","0000-00-00 00:00:00","0000-00-00 00:00:00","0"
"208","28","30.28.372","LUVA DE PROTEÇÃO, MATERIAL LATEX, APLICAÇÃO HOSPITALAR, GRANDE, AMARELA",,"0000-00-00 00:00:00","0000-00-00 00:00:00","0000-00-00 00:00:00","0"
"209","28","30.28.373","Máscara multiuso, material poliéster e algodão, tipo uso reutilizável, finalidade proteção individual, c/ elástico, modelo anatômico.",,"0000-00-00 00:00:00","0000-00-00 00:00:00","0000-00-00 00:00:00","0"
"210","36","30.36.544","ÁLCOOL ETÍLICO HIDRATADO, GEL, CONCENTRAÇÃO 70º, 5 LITROS.",,"0000-00-00 00:00:00","0000-00-00 00:00:00","0000-00-00 00:00:00","0"
"211","44","30.44.45","FITA ZEBRADA, EM PLÁSTICO, SINALIZAÇÃO,ROLO 200M, 7CM LARGURA, FAIXA DE CORES EM DIAGONAL.",,"0000-00-00 00:00:00","0000-00-00 00:00:00","0000-00-00 00:00:00","0"
